Store,Address,City,State,Full Address
Berkeley Bowl,2020 Oregon St,Berkeley,California,"2020 Oregon St, Berkeley, California"
Berkeley Bowl West,920 Heinz Avenue,Berkeley,California,"920 Heinz Avenue, Berkeley, California"
Diablo Foods-Lafeyette,3615 Mt Diablo Blvd,Lafayette,California,"3615 Mt Diablo Blvd, Lafayette, California"
Draeger's-Danville,291 Utah Ave.,South San Francisco,California,"291 Utah Ave., South San Francisco, California"
Encinal Market,3211 Encinal Ave.,Alameda,California,"3211 Encinal Ave., Alameda, California"
Farmer Joe's - Fruitvale Ave.,3420 Fruitvale Ave.,Oakland,California,"3420 Fruitvale Ave., Oakland, California"
Farmer Joe's - MacArthur Blvd,3501 MacArthur Blvd,Oakland,California,"3501 MacArthur Blvd, Oakland, California"
Gazzali's,7000 Bancroft Avenue,Oakland,California,"7000 Bancroft Avenue, Oakland, California"
Jules Thin Crust-Danville,820 Sycamore Valley Rd.,Danville,California,"820 Sycamore Valley Rd., Danville, California"
Jules Thin Crust-Oakland,5804 College Ave.,Oakland,California,"5804 College Ave., Oakland, California"
Lucca Deli,3121 Castro Valley Blvd.,Castro Valley,California,"3121 Castro Valley Blvd., Castro Valley, California"
Mi Tierra Foods,2082 San Pablo Ave.,Berkeley,California,"2082 San Pablo Ave., Berkeley, California"
Monterey Fish Mkt.,1582 Hopkins St.,Berkeley,California,"1582 Hopkins St., Berkeley, California"
Monterey Foods Market,1550 Hopkins Street,Berkeley,California,"1550 Hopkins Street, Berkeley, California"
Point Richmond Mkt.,160 Washington Ave.,Richmond,California,"160 Washington Ave., Richmond, California"
Safeway #2870 - Oakland,6310 College Avenue,Oakland,California,"6310 College Avenue, Oakland, California"
Santa Fe Market,155 W. Richmond Ave.,Richmond,California,"155 W. Richmond Ave., Richmond, California"
Village Market - Oakland,5885 Broadway Terrace,Oakland,California,"5885 Broadway Terrace, Oakland, California"
Watergate Market,2390 Powell St.,Emeryville,California,"2390 Powell St., Emeryville, California"
Bodega Bay Oyster Company,12830 Valley Ford Rd.,Petaluma,California,"12830 Valley Ford Rd., Petaluma, California"
Diekmans Bay Store - Bodega,1275 Hwy. 1,Bodega Bay,California,"1275 Hwy. 1, Bodega Bay, California"
Fisherman's Cove,1850 Bay Flat Rd.,Bodega Bay,California,"1850 Bay Flat Rd., Bodega Bay, California"
Fishetarian Fish Market,599 CA-1,Bodega Bay,California,"599 CA-1, Bodega Bay, California"
Fort Ross Store,20705 Coast Hwy. #1,Jenner,California,"20705 Coast Hwy. #1, Jenner, California"
Gualala Super Market,39225 CA-1,Gualala,California,"39225 CA-1, Gualala, California"
Jenner Store,10444 Hwy 1,Jenner,California,"10444 Hwy 1, Jenner, California"
Ocean Cove Store,23125 Hwy. 1,Jenner,California,"23125 Hwy. 1, Jenner, California"
Pelican Plaza #2,1400 Hwy. 1,Bodega Bay,California,"1400 Hwy. 1, Bodega Bay, California"
Pelican Plaza Grocery & Deli,1400 Hwy. 1,Bodega Bay,California,"1400 Hwy. 1, Bodega Bay, California"
Surf Super,39250 CA-1,Gualala,California,"39250 CA-1, Gualala, California"
The Tides Bait & Tackle,P.O. Box 518,Bodega Bay,California,"P.O. Box 518, Bodega Bay, California"
The Tides Unocal,P.O. Box 518,Bodega Bay,California,"P.O. Box 518, Bodega Bay, California"
Valley Ford Market,14400 Hwy 1,Valley Ford,California,"14400 Hwy 1, Valley Ford, California"
76/Circle K - Tiburon,250 Tiburon Blvd.,Belvedere Tiburon,California,"250 Tiburon Blvd., Belvedere Tiburon, California"
Alcos Colonial Liquor #1,212 Tamalpais Dr.,Corte Madera,California,"212 Tamalpais Dr., Corte Madera, California"
Alcos Colonial Liquor #2,212 Tamalpais Dr.,Corte Madera,California,"212 Tamalpais Dr., Corte Madera, California"
Andronico's #7-San Anselmo,100 Center Blvd.,San Anselmo,California,"100 Center Blvd., San Anselmo, California"
Andy's Corte Madera Mkt.,195 Tamal Vista Blvd,Corte Madera,California,"195 Tamal Vista Blvd, Corte Madera, California"
Andy's Local Mkt - San Rafael,75 Loch Lomond Drive,San Rafael,California,"75 Loch Lomond Drive, San Rafael, California"
Andy's Sun Valley - San Rafael,2202 Fifth Ave,San Rafael,California,"2202 Fifth Ave, San Rafael, California"
Beth's,3060 Kerner Blvd.,San Rafael,California,"3060 Kerner Blvd., San Rafael, California"
Bolinas Ave Market,4 Bolinas Ave,San Anselmo,California,"4 Bolinas Ave, San Anselmo, California"
Bolinas Super Market,40 Wharf Road,Bolinas,California,"40 Wharf Road, Bolinas, California"
Cardenas Market,330 Bellam Blvd.,San Rafael,California,"330 Bellam Blvd., San Rafael, California"
Central Deli/Hse of Bagels,640 Fourth Street,San Rafael,California,"640 Fourth Street, San Rafael, California"
Chevron - Strawberry,580 Redwood Hwy,Strawberry,California,"580 Redwood Hwy, Strawberry, California"
College of Marin Bookstore,841 College Ave.,Kentfield,California,"841 College Ave., Kentfield, California"
Cowgirl Creamery,2080 Lakeville Highway,Petaluma,California,"2080 Lakeville Highway, Petaluma, California"
CVS #9219 - Greenbrae,330 Bon Air Shopping Center,Greenbrae,California,"330 Bon Air Shopping Center, Greenbrae, California"
"CVS #9316 - Grant Ave, Nov.",1707 Grant Ave.,Novato,California,"1707 Grant Ave., Novato, California"
CVS #9370 - San Anselmo,880 Sir Francis Drake Blvd.,San Anselmo,California,"880 Sir Francis Drake Blvd., San Anselmo, California"
CVS #9529 - Terra Linda,442 Las Gallinas Ave.,San Rafael,California,"442 Las Gallinas Ave., San Rafael, California"
CVS #9913 - Mill Valley,759 E. Blithedale,Mill Valley,California,"759 E. Blithedale, Mill Valley, California"
CVS #9947 - Novato Blvd.,2035 Novato Blvd.,Novato,California,"2035 Novato Blvd., Novato, California"
CVS #9962 - Marin City,150 Donahue Street,Marin City,California,"150 Donahue Street, Marin City, California"
Dan's Liquor - Mill Valley,242 Shoreline Hwy,Mill Valley,California,"242 Shoreline Hwy, Mill Valley, California"
Driver's Mkt - Sausalito,200 Caledonia St.,Sausalito,California,"200 Caledonia St., Sausalito, California"
Fairfax Market,"101 Parkshore Dr, Ste 100",Folsom,California,"101 Parkshore Dr, Ste 100, Folsom, California"
Famous Deli  San Rafael,1492 Lincoln Ave,San Rafael,California,"1492 Lincoln Ave, San Rafael, California"
Fast & Easy - San Rafael,1500 E 5th St,Benicia,California,"1500 E 5th St, Benicia, California"
G Liquor & Grocery,1910 Sir Francis Drake Blvd,Fairfax,California,"1910 Sir Francis Drake Blvd, Fairfax, California"
Golden Gate Market,221 Second St,Sausalito,California,"221 Second St, Sausalito, California"
Good Earth Natural Foods,720 Center Blvd.,Fairfax,California,"720 Center Blvd., Fairfax, California"
Good Earth Natural Foods-Tam,201 Flamingo Road,Mill Valley,California,"201 Flamingo Road, Mill Valley, California"
Harvest Mkt/Novato Foods,300 West 15th St,Vancouver,California,"300 West 15th St, Vancouver, California"
Ignacio Gas/76 Stn,375 Ignacio Blvd.,Novato,California,"375 Ignacio Blvd., Novato, California"
Inverness Park Market,12301 Sir Francis Drake Blvd,Inverness,California,"12301 Sir Francis Drake Blvd, Inverness, California"
Inverness Store,12784 Sir Francis Drake Blvd,Inverness,California,"12784 Sir Francis Drake Blvd, Inverness, California"
Italian Delite,971 Front Street,Novato,California,"971 Front Street, Novato, California"
Jessie Laurant Culinary,1945 Francisco Blvd.,San Rafael,California,"1945 Francisco Blvd., San Rafael, California"
Jolly King Liquors,393 Miller Ave,Mill Valley,California,"393 Miller Ave, Mill Valley, California"
Lagunitas Grocery,534 Clarence Street,Point Richmond,California,"534 Clarence Street, Point Richmond, California"
Louie's Deli & Cafe,2656 Bridgeway,Sausalito,California,"2656 Bridgeway, Sausalito, California"
"Lucky - Grant Ave, Novato",1761 Grant Ave.,Novato,California,"1761 Grant Ave., Novato, California"
Lucky - Magnolia Ave.,570 Magnolia Ave,Larkspur,California,"570 Magnolia Ave, Larkspur, California"
Marin Beverage Outlet,855 Third St.,San Rafael,California,"855 Third St., San Rafael, California"
Marin Cheese Factory,7500 Red Hill Rd,Petaluma,California,"7500 Red Hill Rd, Petaluma, California"
Marinwood Market,155 Marinwood Ave.,San Rafael,California,"155 Marinwood Ave., San Rafael, California"
Matt & Jeff's Carwash,125 Vintage Way,Novato,California,"125 Vintage Way, Novato, California"
Mi Pueblo,330 Bellam Blvd.,San Rafael,California,"330 Bellam Blvd., San Rafael, California"
Mike's Liquor,1102 Grant Avenue,Novato,California,"1102 Grant Avenue, Novato, California"
Mill Valley Market,12 Corte Madera Ave.,Mill Valley,California,"12 Corte Madera Ave., Mill Valley, California"
Mollie Stone #1-Sausalito,100 Harbor Dr.,Sausalito,California,"100 Harbor Dr., Sausalito, California"
Mollie Stone #4-Greenbrae,270 Bon Air Shopping Center,Greenbrae,California,"270 Bon Air Shopping Center, Greenbrae, California"
Nugget - #14 Tiburon,1 Blackfield Drive,Belvedere Tiburon,California,"1 Blackfield Drive, Belvedere Tiburon, California"
Nugget - #15 Corte Madera,5627 Paradise  Drive,Corte Madera,California,"5627 Paradise  Drive, Corte Madera, California"
Nugget - #16 Novato,470 Ignacio Blvd.,Novato,California,"470 Ignacio Blvd., Novato, California"
Palace Market,11300 CA-1,Point Reyes Station,California,"11300 CA-1, Point Reyes Station, California"
Perry's-Fairfax,1916 Sir Francis Drake Blvd,Fairfax,California,"1916 Sir Francis Drake Blvd, Fairfax, California"
Perry's-Novato,7380 Redwood Blvd,Novato,California,"7380 Redwood Blvd, Novato, California"
Perry's-San Rafael,909 Lincoln Ave,San Rafael,California,"909 Lincoln Ave, San Rafael, California"
Rocky's Meat & Deli,71 San Pablo Ave,San Rafael,California,"71 San Pablo Ave, San Rafael, California"
Runway Cafe,"6 Hamilton Landing, Suite 100",Novato,California,"6 Hamilton Landing, Suite 100, Novato, California"
Safeway #1723-San Anselmo,838 Sir Francis Drake Blvd.,San Anselmo,California,"838 Sir Francis Drake Blvd., San Anselmo, California"
Safeway #2318-Corte Madera,137 Corte Madera Town Center,Corte Madera,California,"137 Corte Madera Town Center, Corte Madera, California"
"Safeway #2455-Center Blvd, SA",100 Center Blvd.,San Anselmo,California,"100 Center Blvd., San Anselmo, California"
Safeway #2718-Strawberry,110 Strawberry Village,Mill Valley,California,"110 Strawberry Village, Mill Valley, California"
Safeway #2781-Mill Valley,110 Strawberry Village,Mill Valley,California,"110 Strawberry Village, Mill Valley, California"
Safeway #2828-Ignacio,5720 Nave Dr.,Novato,California,"5720 Nave Dr., Novato, California"
"Safeway #653-B St., San Rafael",700 B St.,San Rafael,California,"700 B St., San Rafael, California"
Safeway #788-Mill Valley,1 Camino Alto,Mill Valley,California,"1 Camino Alto, Mill Valley, California"
Safeway #932 San Rafael,950 Las Gallinas,San Rafael,California,"950 Las Gallinas, San Rafael, California"
Safeway #979 Novato,900 Diablo Ave.,Novato,California,"900 Diablo Ave., Novato, California"
"Safeway #979-Diablo Ave,Nov.",900 Diablo Ave.,Novato,California,"900 Diablo Ave., Novato, California"
Santa Venetia Super,71 San Pablo Ave,San Rafael,California,"71 San Pablo Ave, San Rafael, California"
Sausalito Market,46 Caledonia,Sausalito,California,"46 Caledonia, Sausalito, California"
Scotty's Market,620 Freitas Parkway,San Rafael,California,"620 Freitas Parkway, San Rafael, California"
Seven Eleven -Shoreline,371 Shoreline Hwy.,Mill Valley,California,"371 Shoreline Hwy., Mill Valley, California"
"Seven Eleven-Miller Ave,M.V.",349 Miller Ave.,Mill Valley,California,"349 Miller Ave., Mill Valley, California"
"Seven Eleven-Redwood Hwy,M.V.",650 Redwood Hwy.,Mill Valley,California,"650 Redwood Hwy., Mill Valley, California"
Seven Eleven-Sausalito,1901 Bridgeway Blvd.,Sausalito,California,"1901 Bridgeway Blvd., Sausalito, California"
Smart & Final - San Rafael,925 Anderson Drive,San Rafael,California,"925 Anderson Drive, San Rafael, California"
Smith Ranch Deli,101 Smith Ranch Rd.,San Rafael,California,"101 Smith Ranch Rd., San Rafael, California"
Stinson Beach Market,"Hwy. 1, Calle Del Mar",Stinson Beach,California,"Hwy. 1, Calle Del Mar, Stinson Beach, California"
Target-Marin City,180 Donahue St.,Sausalito,California,"180 Donahue St., Sausalito, California"
Target-Novato,200 Vintage Way,Novato,California,"200 Vintage Way, Novato, California"
Target-San Rafael,125 Shoreline Pkwy,San Rafael,California,"125 Shoreline Pkwy, San Rafael, California"
The Bait Shop Market & Deli,#1 Gate 6 Rd,Sausalito,California,"#1 Gate 6 Rd, Sausalito, California"
"Tomales Bay Foods, Inc.",80 4th Street,Point Reyes Station,California,"80 4th Street, Point Reyes Station, California"
Uchiwa Ramen Restaurant,821 B Street,San Rafael,California,"821 B Street, San Rafael, California"
United Liq/Gather Wine-Lrkspr,1110 Magnolia Ave.,Larkspur,California,"1110 Magnolia Ave., Larkspur, California"
United Liquors-San Rafael,1556-4th St.,San Rafael,California,"1556-4th St., San Rafael, California"
United Market - San Anselmo,100 Red Hill Ave,San Anselmo,California,"100 Red Hill Ave, San Anselmo, California"
United Market - San Rafael,515 3rd St.,San Rafael,California,"515 3rd St., San Rafael, California"
United SA -Deli/Bakery/Produce,100 Red Hill Ave,San Anselmo,California,"100 Red Hill Ave, San Anselmo, California"
United SR -Deli/Bakery/Produce,515 3rd St.,San Rafael,California,"515 3rd St., San Rafael, California"
Whale of a Deli,997 Mesa Road,Point Reyes Station,California,"997 Mesa Road, Point Reyes Station, California"
Woodacre Market & Deli,175 San Geronimo Valley Dr,Woodacre,California,"175 San Geronimo Valley Dr, Woodacre, California"
Woodland Gas,1 Kent Avenue,Kentfield,California,"1 Kent Avenue, Kentfield, California"
Woodlands - Drop Ship,735 College Ave,Kentfield,California,"735 College Ave, Kentfield, California"
Woodlands #2 - Tiburon,1550 Tiburon Blvd,Tiburon,California,"1550 Tiburon Blvd, Tiburon, California"
Woodlands #2/Tib. - Drop Ship,1551 Tiburon Blvd,Tiburon,California,"1551 Tiburon Blvd, Tiburon, California"
Woodlands Market,735 College Ave,Kentfield,California,"735 College Ave, Kentfield, California"
Woodlands Meat #2 Tiburon,1550 Tiburon Blvd,Belvedere Tiburon,California,"1550 Tiburon Blvd, Belvedere Tiburon, California"
Woodlands Meat Dpt.,735 College Ave.,Greenbrae,California,"735 College Ave., Greenbrae, California"
Zee's Deli Wine & Spirits,913 Sir Francis Drake Blvd.,Kentfield,California,"913 Sir Francis Drake Blvd., Kentfield, California"
ZSeven Eleven-Sausalito,1901 Bridgeway Blvd.,Sausalito,California,"1901 Bridgeway Blvd., Sausalito, California"
Beringer Vineyards,2000 Main St,St. Helena,California,"2000 Main St, St. Helena, California"
Brown's Valley Meat Dept.,3263 Brown's Valley Rd.,Napa,California,"3263 Brown's Valley Rd., Napa, California"
Brown's Valley Mkt.,3263 Brown's Valley Rd.,Napa,California,"3263 Brown's Valley Rd., Napa, California"
Cal Mart-Calistoga,1491 Lincoln Ave.,Calistoga,California,"1491 Lincoln Ave., Calistoga, California"
Calistoga Liquor,1102 Tubbs Lane,Calistoga,California,"1102 Tubbs Lane, Calistoga, California"
College Mercantile,One Angwin Ave.,Angwin,California,"One Angwin Ave., Angwin, California"
Delta Farmers Market,2510 State Hwy 12,Isleton,California,"2510 State Hwy 12, Isleton, California"
Gary's Wine & Marketplace,607 St. Helena Hwy,Saint Helena,California,"607 St. Helena Hwy, Saint Helena, California"
Giugni's Grocery,1227 Main St.,Saint Helena,California,"1227 Main St., Saint Helena, California"
Lira's Supermarket,609 Hwy 12,Rio Vista,California,"609 Hwy 12, Rio Vista, California"
Napa Sea Ranch,3333 Cuttings Wharf Rd.,Napa,California,"3333 Cuttings Wharf Rd., Napa, California"
Napa Valley Marina,1200 Milton Rd.,Napa,California,"1200 Milton Rd., Napa, California"
Oakville Grocery - Oakville,7856 St Helena Hwy,Oakville,California,"7856 St Helena Hwy, Oakville, California"
Puerto Vallerta Market,1009 Foothill Blvd.,Calistoga,California,"1009 Foothill Blvd., Calistoga, California"
Raley's #319(Napa),217 Soscol Ave.,Napa,California,"217 Soscol Ave., Napa, California"
Ranch Market,4215 Solano,Napa,California,"4215 Solano, Napa, California"
Ranch Market Too!,6498 Washington St.,Yountville,California,"6498 Washington St., Yountville, California"
"Safeway #2449 Jefferson, Napa",3375 Jefferson Square,Napa,California,"3375 Jefferson Square, Napa, California"
Safeway #2605 - St. Helena,1026 Hunt Ave.,Saint Helena,California,"1026 Hunt Ave., Saint Helena, California"
"Safeway #732 Jefferson Sq,Napa",3375 Jefferson Square,Napa,California,"3375 Jefferson Square, Napa, California"
St. Helena Hospital Gift Shop,10 Woodland Rd.,Saint Helena,California,"10 Woodland Rd., Saint Helena, California"
Station Mkt,1153 Main St.,Saint Helena,California,"1153 Main St., Saint Helena, California"
Sunshine Mkt. - St. Helena,1115 Main St.,Saint Helena,California,"1115 Main St., Saint Helena, California"
V. Sattui Winery,1111 White Lane,St. Helena,California,"1111 White Lane, St. Helena, California"
Vallerga's #2 (Redwood),45 Lynn Drive,Napa,California,"45 Lynn Drive, Napa, California"
Andronico's #6-Los Altos,690 Los Altos Rancho,Los Altos,California,"690 Los Altos Rancho, Los Altos, California"
Bianchini's Mkt - Alpine Rd.,3130 Alpine Rd,Portola Valley,California,"3130 Alpine Rd, Portola Valley, California"
Bianchini's Mkt - San Carlos,810 Laurel St.,San Carlos,California,"810 Laurel St., San Carlos, California"
Coastside Market,501 Virginia Ave,Moss Beach,California,"501 Virginia Ave, Moss Beach, California"
Delucchi's Market,3640 Florence St.,Redwood City,California,"3640 Florence St., Redwood City, California"
Draeger's-Los Altos,342 1st St,Los Altos,California,"342 1st St, Los Altos, California"
Draeger's-Menlo Park,1010 University Dr,Menlo Park,California,"1010 University Dr, Menlo Park, California"
Draeger's-San Mateo,222 E 4th Ave,San Mateo,California,"222 E 4th Ave, San Mateo, California"
Grocery Mart,8445 Cabrillo Hwy,Montara,California,"8445 Cabrillo Hwy, Montara, California"
Key Market #1 1063 Upton  St,Key Market Admin Office,San Carlos,California,"Key Market Admin Office, San Carlos, California"
Miki's Farm Fresh Mkt.,3445 Alma St. #A,Palo Alto,California,"3445 Alma St. #A, Palo Alto, California"
Mollie Stone #3-Palo Alto,164 S. California,Palo Alto,California,"164 S. California, Palo Alto, California"
Mollie Stone #5-San Bruno,22 Bayhill Shopping Center,San Bruno,California,"22 Bayhill Shopping Center, San Bruno, California"
Mollie Stone #6-Burlingame,1477 Chapman Ave.,Burlingame,California,"1477 Chapman Ave., Burlingame, California"
Mollie Stone #7-San Mateo,49 West 42nd Avenue,San Mateo,California,"49 West 42nd Avenue, San Mateo, California"
Oceana Market,200 Eureka Square,Pacifica,California,"200 Eureka Square, Pacifica, California"
Piazza Fine Foods-Palo Alto,3922 Middlefield Rd,Palo Alto,California,"3922 Middlefield Rd, Palo Alto, California"
Piazza Fine Foods-San Mateo,1218 W Hillsdale Blvd,San Mateo,California,"1218 W Hillsdale Blvd, San Mateo, California"
Roberts Market - Woodside,3015 Woodside Road,Woodside,California,"3015 Woodside Road, Woodside, California"
Roberts Market-Portola Valley,4420 Alpine Rd,Portola Valley,California,"4420 Alpine Rd, Portola Valley, California"
Spangler's Deli,101 Main Street,Half Moon Bay,California,"101 Main Street, Half Moon Bay, California"
Spangler's Market,401 Ave Alhambra,Half Moon Bay,California,"401 Ave Alhambra, Half Moon Bay, California"
Sun Valley #2 - Pacifica,230 Reina Del Mar Ave,Pacifica,California,"230 Reina Del Mar Ave, Pacifica, California"
Sun Valley Fine Foods,1015 Terra Nova Blvd,Pacifica,California,"1015 Terra Nova Blvd, Pacifica, California"
Zanottos - Naglee,1970 Naglee Ave.,San Jose,California,"1970 Naglee Ave., San Jose, California"
Zanotto's - Sunnyvale,1356 Mary Avenue,Sunnyvale,California,"1356 Mary Avenue, Sunnyvale, California"
Zanotto's - SW Expressway,1520 Southwest Expy,San Jose,California,"1520 Southwest Expy, San Jose, California"
Zanotto's - Willow Glen,1421 Foxworthy Ave.,San Jose,California,"1421 Foxworthy Ave., San Jose, California"
Nugget - Warehouse,2170 Hanson Way,Woodland,California,"2170 Hanson Way, Woodland, California"
17th & Balboa Market,1601 Balboa St,San Francisco,California,"1601 Balboa St, San Francisco, California"
17th & Cole Market,1400 Cole St,San Francisco,California,"1400 Cole St, San Francisco, California"
25th & Clement Produce,2354 Clement St,San Francisco,California,"2354 Clement St, San Francisco, California"
300 Church St. Market,300 Church St.,San Francisco,California,"300 Church St., San Francisco, California"
3rd Ave Food Market,4101 California St,San Francisco,California,"4101 California St, San Francisco, California"
6001 California St. Market,6001 California St,San Francisco,California,"6001 California St, San Francisco, California"
828 Market,Irving & 10th,San Francisco,California,"Irving & 10th, San Francisco, California"
Amal's Deli,1416 Haight St,San Francisco,California,"1416 Haight St, San Francisco, California"
Andronico's #3-San Francisco,1200 Irving St.,San Francisco,California,"1200 Irving St., San Francisco, California"
Antonelli's (inside Cal Mart),3585 California St.,San Francisco,California,"3585 California St., San Francisco, California"
Ashbury Market,205 Fredrick St,San Francisco,California,"205 Fredrick St, San Francisco, California"
Balboa Bi Rite,2449 Balboa Street,San Francisco,California,"2449 Balboa Street, San Francisco, California"
Balboa Liquor & Deli,3524 Balboa St.,San Francisco,California,"3524 Balboa St., San Francisco, California"
Better Foods,3149 Balboa Street,San Francisco,California,"3149 Balboa Street, San Francisco, California"
Bryan's,3445 California St.,San Francisco,California,"3445 California St., San Francisco, California"
Cal Mart -San Francisco,3585 California St.,San Francisco,California,"3585 California St., San Francisco, California"
Canyon Market,2815 Diamond Street,San Francisco,California,"2815 Diamond Street, San Francisco, California"
Chloe's,1399 Church St.,San Francisco,California,"1399 Church St., San Francisco, California"
Cindy,2084 Hayes St,San Francisco,California,"2084 Hayes St, San Francisco, California"
CVS #10188-Haight St.,499 Haight St,San Francisco,California,"499 Haight St, San Francisco, California"
CVS #4675 - SF,377 32nd Ave.,San Francisco,California,"377 32nd Ave., San Francisco, California"
Denhard's Market,701 10th Ave.,San Fransisco,California,"701 10th Ave., San Fransisco, California"
Drink Liquor/Jong & Chung,601 - 2nd Ave,San Francisco,California,"601 - 2nd Ave, San Francisco, California"
Eureka Mkt. - S.F.,4151 - 17th Street,San Francisco,California,"4151 - 17th Street, San Francisco, California"
Falletti Foods - SF,308 Broderick Street,San Francisco,California,"308 Broderick Street, San Francisco, California"
Food 24 Hr. Mkt.-Fulton&Divis.,793 Divisadero,San Francisco,California,"793 Divisadero, San Francisco, California"
Fulton & Brodrick,667 Broderick St.,San Francisco,California,"667 Broderick St., San Francisco, California"
Fulton Foods,1801 Fulton St.,San Francisco,California,"1801 Fulton St., San Francisco, California"
Georges Market,702 14th St,San Francisco,California,"702 14th St, San Francisco, California"
Golden Bear Market,1401 6th Ave,San Francisco,California,"1401 6th Ave, San Francisco, California"
Grove Street Mkt.,500 Grove Street,San Francisco,California,"500 Grove Street, San Francisco, California"
Haight & Central,1301 Haight St.,San Francisco,California,"1301 Haight St., San Francisco, California"
Haight & Filmore Foods,501 Haight St.,San Francisco,California,"501 Haight St., San Francisco, California"
Haight Street Market,1530  Haight Street,San Francisco,California,"1530  Haight Street, San Francisco, California"
Harvest Hills Market,3216 Folsom St.,San Francisco,California,"3216 Folsom St., San Francisco, California"
Harvest Urban Mkt - Market St.,2285 Market St.,San Francisco,California,"2285 Market St., San Francisco, California"
Harvest Urban Mkt-8th St.,191 - 8th St.,San Francisco,California,"191 - 8th St., San Francisco, California"
Hayes Market,698 Hayes Street,San Francisco,California,"698 Hayes Street, San Francisco, California"
Jump Start Market,1192 Guerrero Street,San Francisco,California,"1192 Guerrero Street, San Francisco, California"
KD's Grog & Grocery,2416 Market Street,San Francisco,California,"2416 Market Street, San Francisco, California"
Key Food Mart,501 Filmore St.,San Francisco,California,"501 Filmore St., San Francisco, California"
KT Liquors,1900 Hayes St.,San Francisco,California,"1900 Hayes St., San Francisco, California"
Liquid Experience,1589 Haight St.,San Francisco,California,"1589 Haight St., San Francisco, California"
M & K Market,1701 Anza St,San Francisco,California,"1701 Anza St, San Francisco, California"
Madera Liquor,4401 Geary Blvd.,San Francisco,California,"4401 Geary Blvd., San Francisco, California"
Marina Meats,2395 Chestnut St.,San Francisco,California,"2395 Chestnut St., San Francisco, California"
Marina Super,2323 Chestnut St.,San Francisco,California,"2323 Chestnut St., San Francisco, California"
Martell's,5615 Geary Blvd.,San Francisco,California,"5615 Geary Blvd., San Francisco, California"
Mollie Stone - 18th & Castro,4201 - 18th Street,San Francisco,California,"4201 - 18th Street, San Francisco, California"
Mollie Stone #8-Tower Mkt.,635 Portola St.,San Francisco,California,"635 Portola St., San Francisco, California"
"Mollie Stone-Calif St, SF",2435 California St,San Francisco,California,"2435 California St, San Francisco, California"
New California Food Market,5701 California St,San Francisco,California,"5701 California St, San Francisco, California"
New Upper Terrace Market,4499 17th St,San Francisco,California,"4499 17th St, San Francisco, California"
Nick's Super,144 Page Street,San Francisco,California,"144 Page Street, San Francisco, California"
Ninth & Judah Liquors,1400 9th Ave,San Francisco,California,"1400 9th Ave, San Francisco, California"
Noe Valley Market,200 Noe Street,San Francisco,California,"200 Noe Street, San Francisco, California"
Nopa Liquor & Deli,1601 Fulton St.,San Francisco,California,"1601 Fulton St., San Francisco, California"
Oak & Scott (Oak Fair Mkt),999 Oak Street,San Francisco,California,"999 Oak Street, San Francisco, California"
Oceanview Market,7501 Geary Blvd,San Francisco,California,"7501 Geary Blvd, San Francisco, California"
O'Looney's,588 Haight Street,San Francisco,California,"588 Haight Street, San Francisco, California"
Pacific Gateway Concessions,273 E. Harris Ave.,South San Francisco,California,"273 E. Harris Ave., South San Francisco, California"
Park Presidio Liquors,4400 California St,San Francisco,California,"4400 California St, San Francisco, California"
Parkview,501 Frederick St,San Francisco,California,"501 Frederick St, San Francisco, California"
Rainbow Grocery,1745 Folsom St.,San Francisco,California,"1745 Folsom St., San Francisco, California"
Richmond Market,41st & Balboa,San Francisco,California,"41st & Balboa, San Francisco, California"
Rosenberg's,276 Noe Street,San Francisco,California,"276 Noe Street, San Francisco, California"
Roxie Market & Deli,500 Kirkham Street,San Francisco,California,"500 Kirkham Street, San Francisco, California"
S&A Market,98-1/2 Sanchez St.,San Francisco,California,"98-1/2 Sanchez St., San Francisco, California"
"Safeway #1507-Market St., S.F.",2020 Market St.,San Francisco,California,"2020 Market St., San Francisco, California"
"Safeway #2452 -Irving St, SF",1200 Irving St.,San Francisco,California,"1200 Irving St., San Francisco, California"
"Safeway #785-LaPlaya, S.F.",850 La Playa,San Francisco,California,"850 La Playa, San Francisco, California"
"Safeway#2646-7th Ave., S.F.",735 - 7th Ave.,San Francisco,California,"735 - 7th Ave., San Francisco, California"
Save More Meats,74 W. Manor Drive,Pacifica,California,"74 W. Manor Drive, Pacifica, California"
"Seven Eleven-Geary St., S.F.",5100 Geary Blvd.,San Francisco,California,"5100 Geary Blvd., San Francisco, California"
Smart & Final - S.F.,Seventh & Clement,San Francisco,California,"Seventh & Clement, San Francisco, California"
Stand-Bi Market,1400 8th St,San Francisco,California,"1400 8th St, San Francisco, California"
Star Ell Market,501 Divisadero Street,San Francisco,California,"501 Divisadero Street, San Francisco, California"
State Market,4751 Geary Blvd.,San Francisco,California,"4751 Geary Blvd., San Francisco, California"
Sunset Super #3 - Vicente St.,2801 Vicente Street,San Francisco,California,"2801 Vicente Street, San Francisco, California"
Sunshine - Haight St.,1754 Haight St.,San Francisco,California,"1754 Haight St., San Francisco, California"
Superette Market,901 Haight St,San Francisco,California,"901 Haight St, San Francisco, California"
Tiger's Liquor,2400 Clement St,San Francisco,California,"2400 Clement St, San Francisco, California"
Tim's,667 Fillmore St.,San Francisco,California,"667 Fillmore St., San Francisco, California"
Veteran's Canteen #662,4140 Clement,San Francisco,California,"4140 Clement, San Francisco, California"
Victoria Liquor,201 Gough Street,San Francisco,California,"201 Gough Street, San Francisco, California"
Walgreens  Gough,300 Gough Street,San Francisco,California,"300 Gough Street, San Francisco, California"
Walgreen's-Clement St.,719 Clement Street,San Francisco,California,"719 Clement Street, San Francisco, California"
Walgreen's-Geary St.,5280 Geary Blvd,San Francisco,California,"5280 Geary Blvd, San Francisco, California"
Walgreen's-Point Lobos,25 Point Lobo Ave.,San Francisco,California,"25 Point Lobo Ave., San Francisco, California"
Albertsons-Rohnert Park,6335 Commerce Blvd,Rohnert Park,California,"6335 Commerce Blvd, Rohnert Park, California"
Andy's Produce - Sebastopol,1691 Gravenstein Hwy.,Sebastopol,California,"1691 Gravenstein Hwy., Sebastopol, California"
Armstrong Paper Group,2329 Circadian Way,Santa Rosa,California,"2329 Circadian Way, Santa Rosa, California"
Bartletts Market,9890 Main St.,Monte Rio,California,"9890 Main St., Monte Rio, California"
Berry's (Dave's),5290 Aero Dr.,Santa Rosa,California,"5290 Aero Dr., Santa Rosa, California"
Big John's Market,1345 Healdsburg Ave.,Healdsburg,California,"1345 Healdsburg Ave., Healdsburg, California"
Bills Farm Basket,10315 Bodega Hwy,Sebastopol,California,"10315 Bodega Hwy, Sebastopol, California"
Bodega Ave. Mkt.,1105 Bodega Ave.,Petaluma,California,"1105 Bodega Ave., Petaluma, California"
Bodega Country Store,17190 Bodega Hwy,Bodega,California,"17190 Bodega Hwy, Bodega, California"
Bohemian Club-Monte Rio,624 Taylor St.,San Francisco,California,"624 Taylor St., San Francisco, California"
Broadway Mkt.,20511 Broadway,Sonoma,California,"20511 Broadway, Sonoma, California"
Club Costa Vida/WFSH,,Santa Rosa,California,
CVS #9152 - Sonoma,201 W Napa St Ste 35,Sonoma,California,"201 W Napa St Ste 35, Sonoma, California"
"CVS #9163 - McDowell, Pet.",291 North McDowell Blvd.,Petaluma,California,"291 North McDowell Blvd., Petaluma, California"
"CVS #9480 - E. Wash., Pet.",365 East Washington St.,Petaluma,California,"365 East Washington St., Petaluma, California"
"CVS #9656 - 4th St.,S.Rosa",2771 - 4th Street,Santa Rosa,California,"2771 - 4th Street, Santa Rosa, California"
CVS #9872 - Sebastopol,788 Gravenstein Hwy.,Sebastopol,California,"788 Gravenstein Hwy., Sebastopol, California"
CVS #9928 - Rohnert Park,6378 Commerce Blvd.,Rohnert Park,California,"6378 Commerce Blvd., Rohnert Park, California"
CVS #9946 - Stony Point,463 Stony Point Rd.,Santa Rosa,California,"463 Stony Point Rd., Santa Rosa, California"
CVS #9948 - Yulupa Ave.,2700 Yulupa Ave.,Santa Rosa,California,"2700 Yulupa Ave., Santa Rosa, California"
Dave's Market,320 W. 3rd St.,Santa Rosa,California,"320 W. 3rd St., Santa Rosa, California"
Ernie's Tin Bar,5100 Lakeville Hwy.,Petaluma,California,"5100 Lakeville Hwy., Petaluma, California"
Fast & Easy - Forestville,6484 Mirabel Rd.,Forestville,California,"6484 Mirabel Rd., Forestville, California"
Fircrest Market,998 Gravenstein Hwy. South,Sebastopol,California,"998 Gravenstein Hwy. South, Sebastopol, California"
Food Maxx-Rohnert Park,605 Rohnert Park Expressway,Rohnert Park,California,"605 Rohnert Park Expressway, Rohnert Park, California"
Food Maxx-Santa Rosa,2055 Sebastopol Rd,Santa Rosa,California,"2055 Sebastopol Rd, Santa Rosa, California"
Fruit Basket #2,24101 Arnold Dr.,Sonoma,California,"24101 Arnold Dr., Sonoma, California"
Glen Ellen #12 (Willows),13751 Arnold Dr.,Glen Ellen,California,"13751 Arnold Dr., Glen Ellen, California"
Glen Ellen Village Mkt.,13751 Arnold Dr,Glen Ellen,California,"13751 Arnold Dr, Glen Ellen, California"
Glen Ellen Village/Nugget #18,13751 Arnold Dr.,Glen Ellen,California,"13751 Arnold Dr., Glen Ellen, California"
Gonnella's Country Mart,3707 Occidental Rd.,Occidental,California,"3707 Occidental Rd., Occidental, California"
Jacks Valley Store,7450 Highway 128,Philo,California,"7450 Highway 128, Philo, California"
"Longs Drugs #480-E. Wash.,Pet.",365 East Washington St.,Petaluma,California,"365 East Washington St., Petaluma, California"
Lucchessi's Deli,301 S. McDowell Blvd.,Petaluma,California,"301 S. McDowell Blvd., Petaluma, California"
Lucky - Gravenstein Hwy.,776 Gravenstein Hwy No.,Sebastopol,California,"776 Gravenstein Hwy No., Sebastopol, California"
Lucky - Lakeville Hwy.,939 Lakeville Hwy.,Petaluma,California,"939 Lakeville Hwy., Petaluma, California"
Lucky - Montgomery Village,915 Montgomery Village Ct.,Santa Rosa,California,"915 Montgomery Village Ct., Santa Rosa, California"
Lucky - Petaluma Blvd.,1000 Petaluma Blvd No.,Petaluma,California,"1000 Petaluma Blvd No., Petaluma, California"
Lucky - Sonoma Hwy.,19181 Sonoma Hwy.,Sonoma,California,"19181 Sonoma Hwy., Sonoma, California"
Molsberry Market,522 Larkfield Center,Santa Rosa,California,"522 Larkfield Center, Santa Rosa, California"
My Deli Market,1035 2nd Street,Santa Rosa,California,"1035 2nd Street, Santa Rosa, California"
Oakmont Village Mkt-Santa Rosa,6550 Oakmont Dr.,Santa Rosa,California,"6550 Oakmont Dr., Santa Rosa, California"
Oakville Grocery - Healdsburg,124 Matheson St,Healdsburg,California,"124 Matheson St, Healdsburg, California"
Oliver's - Cotati #1,546 East Cotati Ave.,Cotati,California,"546 East Cotati Ave., Cotati, California"
Oliver's - Montecito Blvd #2,560 Montecito Blvd.,Santa Rosa,California,"560 Montecito Blvd., Santa Rosa, California"
Oliver's Market-Cotati,546 E Cotati Ave,Cotati,California,"546 E Cotati Ave, Cotati, California"
Oliver's Market-Montecito Blvd,560 Montecito Center,Santa Rosa,California,"560 Montecito Center, Santa Rosa, California"
Oliver's- Windsor,9230 Old Redwood Hwy,Windsor,California,"9230 Old Redwood Hwy, Windsor, California"
Oliver's-Guy's Grocery Games,1721 Ditty Ave.,Santa Rosa,California,"1721 Ditty Ave., Santa Rosa, California"
Oliver's-Stony Point #3,461 Stony Point Rd.,Santa Rosa,California,"461 Stony Point Rd., Santa Rosa, California"
Oliver's-Stony Point Rd.,1721 Ditty Ave.,Santa Rosa,California,"1721 Ditty Ave., Santa Rosa, California"
Oliver's-Windsor #4,9230 Old Redwood Hwy,Windsor,California,"9230 Old Redwood Hwy, Windsor, California"
Pacific Market / Fiesta,550 Gravenstein Hwy N.,Sebastopol,California,"550 Gravenstein Hwy N., Sebastopol, California"
Pacific Market-Santa Rosa,1465 Town & Country Dr.,Santa Rosa,California,"1465 Town & Country Dr., Santa Rosa, California"
Petaluma Market,210 Western Ave.,Petaluma,California,"210 Western Ave., Petaluma, California"
Poppy Bank,438 - 1st Street,Santa Rosa,California,"438 - 1st Street, Santa Rosa, California"
Raley's - Petaluma,157 N. McDowell Blvd.,Petaluma,California,"157 N. McDowell Blvd., Petaluma, California"
Raley's-Rohnert Park,100 Raley's Town Center,Rohnert Park,California,"100 Raley's Town Center, Rohnert Park, California"
Raley's-Santa Rosa,1407 Fulton Rd.,Santa Rosa,California,"1407 Fulton Rd., Santa Rosa, California"
Raley's-Windsor,8852 Lakewood Dr.,Windsor,California,"8852 Lakewood Dr., Windsor, California"
Ralph's-Sonoma,201 W. Napa St,Sonoma,California,"201 W. Napa St, Sonoma, California"
Ramazzotti,21015 Geyserville Ave,Geyserville,California,"21015 Geyserville Ave, Geyserville, California"
Rancho Mendoza - Piner Rd,1201 Piner Rd.,Santa Rosa,California,"1201 Piner Rd., Santa Rosa, California"
Rancho Mendoza - Sebastopol Rd,640 Sebastopol Rd.,Santa Rosa,California,"640 Sebastopol Rd., Santa Rosa, California"
Rialto Cinemas Cerrito,10070 San Pablo Ave,El Cerrito,California,"10070 San Pablo Ave, El Cerrito, California"
Rialto Cinemas Sebastopol,6868 McKinley St,Sebastopol,California,"6868 McKinley St, Sebastopol, California"
Safeway #1265-Yulupa Ave.,2785 Yulupa Ave.,Santa Rosa,California,"2785 Yulupa Ave., Santa Rosa, California"
Safeway #1562-4th St.S.Rosa,2751 Fourth Street,Santa Rosa,California,"2751 Fourth Street, Santa Rosa, California"
Safeway #1950-Guerneville,16405 River Road,Guerneville,California,"16405 River Road, Guerneville, California"
Safeway #2456-Son Mtn Pkwy,701 Sonoma Mountain Pkwy,Petaluma,California,"701 Sonoma Mountain Pkwy, Petaluma, California"
Safeway #2457-W. College Ave,1211 W. College Ave.,Santa Rosa,California,"1211 W. College Ave., Santa Rosa, California"
Safeway #713-Calistoga Rd.,100 Calistoga Rd.,Santa Rosa,California,"100 Calistoga Rd., Santa Rosa, California"
"Safeway #7956-Marlow, S.Rosa",1799 Marlow Road,Santa Rosa,California,"1799 Marlow Road, Santa Rosa, California"
Safeway #911-Sonoma,477 W. Napa St.,Sonoma,California,"477 W. Napa St., Sonoma, California"
Safeway #918-Rohnert Park,6340 Commerce Blvd.,Rohnert Park,California,"6340 Commerce Blvd., Rohnert Park, California"
Safeway #933-Sebastopol,406 N Main St.,Sebastopol,California,"406 N Main St., Sebastopol, California"
Safeway#3011-S. McDowell,389 So. McDowell Blvd.,Petaluma,California,"389 So. McDowell Blvd., Petaluma, California"
Sequoia Market,1382 Gravenstein Hwy. South,Sebastopol,California,"1382 Gravenstein Hwy. South, Sebastopol, California"
Seven Eleven -Perry Lane,860 Perry Lane,Petaluma,California,"860 Perry Lane, Petaluma, California"
Shelton's,428 Center Street,Healdsburg,California,"428 Center Street, Healdsburg, California"
Smart & Final - Petaluma,429 N. McDowell Blvd.,Petaluma,California,"429 N. McDowell Blvd., Petaluma, California"
Smart & Final #409- Santa Rosa,2805 Santa Rosa Avenue,Santa Rosa,California,"2805 Santa Rosa Avenue, Santa Rosa, California"
Sonoma Cheese Factory,2 Spain St.,Sonoma,California,"2 Spain St., Sonoma, California"
Sonoma Market,500 W Napa St,Sonoma,California,"500 W Napa St, Sonoma, California"
Sonoma Market/Nugget #17,501 W Napa St,Sonoma,California,"501 W Napa St, Sonoma, California"
Sonoma's Best,1190 East Napa Street,Sonoma,California,"1190 East Napa Street, Sonoma, California"
South City Market,301 Mountain View Ave,Petaluma,California,"301 Mountain View Ave, Petaluma, California"
Speer's Market,7891 Mirabel Road,Forestville,California,"7891 Mirabel Road, Forestville, California"
SRJC Bookstore,220 Elliott Ave.,Santa Rosa,California,"220 Elliott Ave., Santa Rosa, California"
SRJC Bookstore,Petaluma Campus,Petaluma,California,"Petaluma Campus, Petaluma, California"
Target - Coddingtown,900 Coddingtown Center,Santa Rosa,California,"900 Coddingtown Center, Santa Rosa, California"
Target-Petaluma,401 Kenilworth Dr.,Petaluma,California,"401 Kenilworth Dr., Petaluma, California"
Target-Rohnert Park,475 Rohnert Pk Express Way,Rohnert Park,California,"475 Rohnert Pk Express Way, Rohnert Park, California"
Target-Santa Rosa,1980 Santa Rosa Ave.,Santa Rosa,California,"1980 Santa Rosa Ave., Santa Rosa, California"
The Farmhand,15025 River Road,Guerneville,California,"15025 River Road, Guerneville, California"
Walia's Fuel,910 Baywood,Petaluma,California,"910 Baywood, Petaluma, California"
Walmart- RP Neighborhood Mkt,901 Golf Course Dr,Rohnert Park,California,"901 Golf Course Dr, Rohnert Park, California"
Walmart-Rohnert Park,4625 Redwood Dr,Rohnert Park,California,"4625 Redwood Dr, Rohnert Park, California"
CVS #1173 - Healdsburg,455 Center St,Healdsburg,California,"455 Center St, Healdsburg, California"
CVS #9393 - Mendocino Ave.,2075 Mendocino Ave.,Santa Rosa,California,"2075 Mendocino Ave., Santa Rosa, California"
CVS #9931 - Windsor,9030 Brooks Rd. S,Windsor,California,"9030 Brooks Rd. S, Windsor, California"
Longs Drug-Healdsburg,455 Center St,Healdsburg,California,"455 Center St, Healdsburg, California"
Lucky - Bicentennial,150 Bicentennial,Santa Rosa,California,"150 Bicentennial, Santa Rosa, California"
Lucky - Bicentennial,150 Bicentennial,Santa Rosa,California,"150 Bicentennial, Santa Rosa, California"
Raley's-Windsor,8852 Lakewood Dr.,Windsor,California,"8852 Lakewood Dr., Windsor, California"
Safeway #1434-Windsor,9080 Brooks Rd.,Windsor,California,"9080 Brooks Rd., Windsor, California"
Safeway #1576-Mendocino  Ave.,2300 Mendocino Ave.,Santa Rosa,California,"2300 Mendocino Ave., Santa Rosa, California"
Safeway #998-Healdsburg,1115 Vine St.,Healdsburg,California,"1115 Vine St., Healdsburg, California"
Walmart- Windsor,6650 Hembree Ln,Windsor,California,"6650 Hembree Ln, Windsor, California"
